{
  "epochs": [
    1,
    2,
    3,
    4,
    5,
    6,
    7,
    8
  ],
  "train_losses": [
    1.1278927750587464,
    0.9029179056286811,
    0.8399040594696998,
    0.7982207080125808,
    0.7648670590519905,
    0.7358742129206658,
    0.7097838533520698,
    0.6856516246199608
  ],
  "eval_losses": [
    0.9780873656272888,
    0.8946254849433899,
    0.8546705842018127,
    0.8319655656814575,
    0.8181416392326355,
    0.8103460669517517,
    0.8071218729019165,
    0.8068419694900513
  ],
  "perplexities": [
    2.6593649817481877,
    2.4464193969726806,
    2.350599928271903,
    2.2978308418400046,
    2.2662843478755095,
    2.2486860479641226,
    2.2414475232630933,
    2.2408202222497575
  ]
}